{
  "p95_latency_ms": 9053.06325,
  "error_rate": 0.2011251758087201,
  "throughput_rps": 3.0928956480159404,
  "cache_hit_rate": 0,
  "total_requests": 711,
  "timestamp": "2025-12-29T19:50:48.185Z",
  "rate_limit_hits": 0
}